"County","2021","2022","2023","2024","2025","2026","2027","2028","2029","2030","2031","2032","2033","2034","2035","2036","2037","2038","2039","2040","2041","2042","2043","2044","2045","2046","2047","2048","2049","2050","2051","2052","2053","2054","2055","2056","2057","2058","2059","2060","2061","2062","2063","2064","2065","2066","2067","2068","2069","2070"
"ABBEVILLE",24071.01415848,24291.233616398746,24513.467804952717,24737.73515638932,24964.05427158781,25192.443921602055,25422.92304921742,25655.5107705219,25890.2263764916,26127.089334590768,26366.11929038643,26607.336069177796,26850.759677640588,27096.41030548642,27344.30832713733,27594.474303415638,27846.928983249312,28101.693305392866,28358.78840016403,28618.23559119634,28880.056397207703,29144.272533785203,29410.90591518618,29679.97865615583,29951.513073761413,30225.531689243235,30502.05722988258,30781.112630886728,31062.72103729123,31346.905805879534,31633.690507120256,31923.098927122086,32215.155069606662,32509.883157899436,32807.30763693877,33107.453175303424,33410.34466725858,33716.007234820565,34024.46622984056,34335.7472361072,34649.87607146858,34966.878789973576,35286.78168403281,35609.61128659931,35935.394373369236,36264.15796500261,36595.92932936447,36930.73598378648,37268.605697349194,37609.56649318531
"AIKEN",169519.6756388,171070.56713136248,172635.64732746422,174215.0460358694,175808.89425292893,177417.32417344535,179040.4692016371,180678.4639622032,182331.44431148903,183999.5473487544,185682.91142754463,187381.67616716586,189095.98246426473,190825.972504515,192571.78977441,194333.57907316388,196111.4865247211,197905.6595898763,199716.24707850444,201543.39916190348,203387.26738524958,205248.0046801664,207125.76537740926,209020.7052196655,210932.98137447194,212862.7524472502,214810.1784944619,216775.42103688355,218758.64307300342,220760.00909254045,222779.6850900875,224817.83857887867,226874.63860468328,228950.25575982642,231044.86219733814,233158.6316452317,235291.73942091304,237444.36244572137,239616.67925960344,241808.87003592146,244021.11659639698,246253.60242619133,248506.51268912386,250780.03424302966,253074.3556552577,255389.6672183105,257726.16096562738,260084.03068751175,262463.4719472041,264864.6820971023
"ALLENDALE",7745.1928534300005,7816.051611620611,7887.558638189728,7959.719863976409,8032.541274079416,8106.028908353625,8180.18886191098,8255.027285626018,8330.55038664603,8406.764428905886,8483.67573364757,8561.290679944468,8639.615705230448,8718.657305833798,8798.422037516017,8878.916516015566,8960.147417596581,9042.121479602609,9124.845501015392,9208.326343018804,9292.570929567895,9377.586247963196,9463.379349430223,9549.957349704331,9637.327429620891,9725.496835710866,9814.472880801854,9904.26294462461,9994.874474425136,10086.314985582343,10178.592062231404,10271.713357892766,10365.68659610695,10460.519571075149,10556.220148305672,10652.796265266321,10750.255932042734,10848.60723200274,10947.858322466802,11048.01743538459,11149.092878017744,11251.093033628878,11354.02636217691,11457.901401018713,11562.726765617233,11668.51115025604,11775.263328760448,11882.992155225225,11991.70656474895,12101.415574175102
"ANDERSON",206067.2054752,208089.79399018365,210132.23459318638,212194.72213619907,214277.45338372144,216380.62703153424,218504.44372565448,220649.10608147795,222814.81870310867,225001.7882028785,227210.2232210585,229440.33444576326,231692.33463305098,233966.43862722075,236262.86338130903,238581.8279777872,240923.55364946256,243288.2638005841,245676.18402815567,248087.54214345824,250522.56819378375,252981.49448438134,255464.55560062043,257971.9884303697,260504.03218659738,263060.9284301918,265642.9210930072,268250.25650113495,270883.1833984035,273541.95297010883,276226.8188669782,278938.0372293685,281675.8667117026,284440.56850714533,287232.40637252183,290051.64665348,292898.5583099009,295773.41294155736,298676.48481402517,301608.0508848488,304568.390829963,307557.7870703749,310576.52479910676,313624.8920084044,316703.1795172119,319811.6809989162,322950.6930093638,326120.51501515287,329321.44942220283,332553.80160460423
"BAMBERG",12983.43975924,13102.221878135197,13222.090703791533,13343.05617820698,13465.128334336261,13588.317296923,13712.63328333947,13838.086604434035,13964.687665386322,14092.446966570256,14221.375104424947,14351.482772333586,14482.780761510334,14615.279961895387,14748.99136305816,14883.926055108792,15020.09522961796,15157.510180545118,15296.182305175213,15436.123105064,15577.344186991977,15719.857263927066,15863.674155996088,16008.80679146514,16155.267207728924,16303.067552309138,16452.220083862005,16602.73717319501,16754.631304292947,16907.915075353336,17062.601199831344,17218.70250749423,17376.23194548547,17535.202579398585,17695.62759436083,17857.520296126753,18020.894112181806,18185.762592856005,18352.139412447832,18520.03837035837,18689.47339223583,18860.458531130567,19033.00796866066,19207.136016188102,19382.857116005845,19560.185842535615,19739.13690353674,19919.725141326024,20101.965534008763,20285.873196721062
"BARNWELL",20337.06134387,20523.119837098442,20710.880531166877,20900.358999068765,21091.57095627085,21284.532262016597,21479.258920641576,21675.76708290086,21874.073047308586,22074.19326148977,22276.144323544475,22479.942983424477,22685.606144322493,22893.150864074192,23102.594356572925,23313.95399319749,23527.24730425293,23742.491980424482,23959.705874244875,24178.907001575022,24400.113543098276,24623.34384582833,24848.61642463095,25075.949963759598,25305.36331840512,25536.875516259603,25770.50575909455,26006.27342435349,26244.19806675915,26484.29941993532,26726.597398043617,26971.112097435136,27217.86379831727,27466.872966435767,27718.16025477217,27971.746505256775,28227.652750497302,28485.90021552333,28746.51031954672,29009.50467773815,29274.905103019868,29542.73360787489,29813.012406172722,30085.763915011794,30361.010756578762,30638.77576002476,30919.081963358934,31201.952615359172,31487.411177500395,31775.481325900477
"BEAUFORT",189037.1934369,190766.6456316049,192511.92013534528,194273.16170231794,196050.51641103817,197844.13167645558,199654.156262181,201480.7402928249,203324.03526644869,205184.19406713033,207061.3709776445,208955.72169225887,210867.40332964755,212796.57444592266,214743.3950477849,216708.02660579485,218690.63206776525,220691.37587227608,222710.42396231316,224747.94379903167,226804.10437564531,228879.0762314429,230973.03146593284,233086.1437531174,235218.58835589702,237370.54214060697,239542.18359168674,241733.69282648354,243945.2516101915,246177.0433709272,248429.25321494354,250702.0679419824,252995.67606076793,255310.26780464177,257646.03514734103,260003.17181892047,262381.87332182104,264782.3369470846,267204.76179071766,269649.3487702044,272116.30064117064,274605.822014201,277118.1193718092,279653.40108556376,282211.8774333707,284793.76061691385,287399.2647792552,290028.60602259607,292682.0024262006,295359.67406448367
"BERKELEY",237473.2409124,243440.12024678392,249556.92657443372,255827.42704096268,262255.48344729445,268845.05462802283,275600.1988895315,282525.07650937524,289623.95229846204,296901.198227614,304361.2961201242,312008.8404119688,319848.5409813733,327885.22604947584,336123.8451538747,344569.47219689016,353227.3085704192,362102.68635930604,371201.07162520324,380528.0677729445,390089.4190015025,399891.01384165755,409938.8887825559,420239.23198939004,430798.3871144925,441622.85720418824,452719.30870381335,464094.5755633658,475755.6634463169,487709.75404417556,499964.20949946257,512526.5769398193,525404.5931260423,538606.1892169073,552139.495653716,566012.8471675761,580234.787912495,594814.0767274519,609759.6925306863,625080.8398495278,640786.9544891699,656887.7093438806,673393.02035423,690313.0526140003,707658.226630543,725439.2247424363,743666.9976983957,762352.7714014916,781508.053822823,801144.6420889095
"CALHOUN",13983.15597165,14111.0842345722,14240.182879952228,14370.462615315273,14501.934246146891,14634.608676789217,14768.496911345388,14903.610054592218,15039.95931290124,15177.555995168166,15316.411513750869,15456.537385415915,15597.945232293772,15740.646782842774,15884.653872821858,16029.978446272262,16176.632556508144,16324.628367116316,16473.97815296507,16624.694301222295,16776.789312382858,16930.2758013054,17085.16649825864,17241.47424997722,17399.212020727206,17558.39289338138,17719.03007050433,17881.136875447475,18044.72675345412,18209.8132727746,18376.41012579167,18544.531130156112,18714.19022993283,18885.40149675734,19058.179131002908,19232.537462958324,19408.49095401647,19586.054197873756,19765.24192174053,19946.06898756257,20128.550393253714,20312.70127393985,20498.53690321418,20686.07269440405,20875.324201849347,21066.30712219256,21259.037295680686,21453.53070747904,21649.803488997044,21847.871919226218
"CHARLESTON",412625.5266535,416400.53044872056,420210.0707733932,424054.4635932576,427934.027764742,431849.0850614091,435799.9602006448,439786.9808705898,443810.47775731835,447870.7845722659,451968.2380799072,456103.1781256877,460275.94766421046,464486.8927876813,468736.36275461374,473024.7100187966,477352.2902585271,481719.4624061108,486126.58867763146,490574.03460299404,495062.1690562416,499591.3642861499,504161.99594710226,508774.4431302464,513429.0883949364,518126.3178004626,522866.52093807136,527650.0909632785,532477.4246284774,537348.9223158461,542264.988070555,547226.0296342792,552232.4584790162,557284.6898412142,562383.1427562118,567528.2400929928,572720.4085892598,577960.0788868279,583247.6855673422,588583.6671883224,593968.4663195371,599402.5295797108,604886.3076735667,610420.2554292086,616004.8318358444,621640.500081855,627327.7275932117,633066.9860722445,638858.7515367656,644703.5043595505
"CHEROKEE",56071.56295731,56584.54712647786,57102.22445460077,57624.63787817132,58151.83072649692,58683.84672529355,59220.73000031245,59762.52508099985,60309.276904190345,60861.03081783396,61417.83258475734,61979.72838645936,62546.764826941384,63118.988936572765,63696.448175991405,64279.19044004033,64867.26406174,65460.71781629717,66059.60092515024,66663.96306005183,67273.85434718848,67889.32537133821,68510.42718006605,69137.21128795794,69769.72968089338,70408.03482035718,71052.17964779068,71702.21758898266,72358.20255850066,73020.18896416252,73688.2317115491,74362.38620855816,75042.70836999995,75729.25462223477,76422.08190785308,77121.24769039825,77826.8099591327,78538.82723384764,79257.35856971654,79982.46356219338,80714.20235195546,81452.63562989152,82197.82464213547,82949.8311951462,83708.71766083386,84474.546981733,85247.38267622305,86027.28884379663,86814.33017037598,87608.571933678
"CHESTER",32230.72702472,32525.597576786473,32823.16582296358,33123.456443754214,33426.49434545679,33732.30466223096,34040.91275818231,34352.34422946601,34666.62490640983,34983.78085565646,35303.8383823256,35626.82403219561,35952.76459390528,36281.687101175754,36613.6188350526,36948.587326168636,37286.62035702728,37627.74596430685,37971.99244118596,38319.38833969017,38669.9624730601,39023.743918141234,39380.76201779556,39741.0463833353,40104.62689697887,40471.53371432935,40841.797266875605,41215.448264516264,41592.51769810689,41973.03684203029,42357.037256790514,42744.550791630434,43135.609587173414,43530.246078088996,43928.492995783134,44330.38337111286,44735.95053712599,45145.22813182571,45558.25010096058,45975.050700839995,46395.6645011754,46820.12638794761,47248.47156630016,47680.73556345934,48116.95423168081,48557.16375122316,49001.400633348836,49449.7017233523,49902.10420361605,50358.645596694565
"CHESTERFIELD",42678.360324,43068.813560142575,43462.83895155205,43860.46917894937,44261.73722204291,44666.67636226381,45075.32018552643,45487.70258501389,45903.857763989254,46323.820238632376,46747.62484090266,47175.30672142807,47606.90135242052,48042.44453061802,48481.972380253595,48925.52135605151,49373.12824625085,49824.83017565676,50280.66460871953,50740.669352642035,51204.8825605154,51673.34273448348,52146.08872893625,52623.15975373242,53104.5953774515,53590.43553067565,54080.72050930158,54575.490977882684,55074.7879730018,55578.65290667479,56087.127569785334,56600.254135551,57118.07516302122,57640.633600607085,58167.97278964358,58700.136467984274,59237.16877362902,59779.114248384765,60326.01784155989,60877.924913692324,61434.881240311755,61996.933015736344,62564.12685690404,63136.509807239054,63714.12934055372,64297.03336498588,64885.270226972534,65478.88871525968,66077.93806494884,66682.46796158077
"CLARENDON",30509.7080112,30788.833407215716,31070.512448997968,31354.76849918875,31641.62513416882,31931.106146013095,32223.23554446404,32518.037558923,32815.53664045981,33115.75746384082,33418.724929575386,33724.46416598118,34033.00053126831,34344.359615642585,34658.56724342792,34975.6494752083,35295.632609989225,35618.54318737896,35944.40798978973,36273.25404465914,36605.10862669176,36939.99926012139,37277.95372099386,37619.000039470855,37963.16650215473,38310.48165443461,38660.974302853974,39014.67351749988,39371.6086344141,39731.80925802617,40095.305263608934,40462.1267997563,40832.30429088385,41205.868439752245,41582.85023001373,41963.28092878194,42347.19208922521,42734.61555318361,43125.58345380996,43520.12821823494,43918.282570256604,44320.07953305457,44725.55243192895,45134.734897064336,45547.6608663192,45964.36458804062,46384.88062390494,46809.24385178429,47237.489468639396,47669.652993438845
"COLLETON",38747.02100534,39101.50743892287,39459.23697683566,39820.23928939775,40184.544318374545,40552.18227946089,40923.18366478719,41297.57924544842,41675.400074056306,42056.67748731487,42441.44310861949,42829.72885067979,43221.56691816648,43616.989810382445,44016.03032395823,44418.72155557226,44825.09690469587,45235.190076363506,45649.03508396817,46066.666252082614,46488.11821930617,46913.42594113772,47342.62469287494,47775.75007254003,48212.83800383227,48653.92473910752,49099.04686238503,49548.241292381754,50001.54528557439,50458.996439289476,50920.63269482172,51386.49234058088,51856.614015267434,52331.03671107731,52809.799776935906,53292.9429217617,53780.50621775978,54272.53010374542,54769.05538849812,55270.12325414632,55775.775259583,56286.05334391274,56800.99982993004,57320.65742762969,57845.069237749114,58374.278755343184,58908.32987339176,59447.26688644017,59991.134494273,60539.97780562161
"DARLINGTON",61918.2629579,62484.73706713712,63056.39370090104,63633.28027276288,64215.44463006823,64802.9350579056,65395.800283111246,65994.0894783106,66597.85226599667,67207.13872264577,67821.99938287087,68442.48524361305,69068.64776837107,69700.53889146997,70338.2110223684,70981.7170500055,71631.11034718767,72286.4447750152,72947.77468734958,73615.15493532171,74288.64087188122,74968.2883563875,75654.15375924272,76346.29396656725,77044.76638491775,77749.62894604859,78460.94011171671,79178.7588785305,79903.14478284298,80634.1579056898,81371.85887777245,82116.30888448688,82867.56967099842,83625.70354736282,84390.77339369443,85162.84266538134,85941.97539834859,86728.2362143692,87521.69032642408,88322.40354411074,89130.44227910158,89945.87355065218,90768.76499115987,91599.18485177321,92437.20200805287,93282.88596568402,94136.30686624139,94997.53549300671,95866.6432768396,96743.70230210206
"DILLON",27762.16302737,28016.15184779473,28272.464345983222,28531.121780659945,28792.145605039907,29055.557468608007,29321.379218914677,29589.6329033879,29860.340771161857,30133.52527492227,30409.209072768666,30687.41503009364,30968.166221479318,31251.485932611195,31537.39766220944,31825.92512397793,32117.092248571054,32410.923185578544,32707.44230552845,33006.67420190846,33308.643693205704,33613.375824965195,33920.89587186712,34231.22933982319,34544.401968092054,34860.43973141415,35179.36884216608,35501.21575253467,35826.00715671094,36153.76999310413,36484.53144657598,36818.31895069549,37155.16019001424,37495.083102362594,37838.11588116689,38184.28697778774,38533.62510387994,38886.15923377372,39241.91860687794,39600.932730105225,39963.23138031927,40328.844606804574,40697.802733758734,41070.13636280755,41445.876375543165,41825.05393608537,42207.700493666416,42593.847785239406,42983.52783811057,43376.77297259566
"DORCHESTER",163631.6501668,165128.67364328646,166639.3929988212,168163.93353344512,169702.42169353674,171254.9850822996,172821.75247034588,174402.85380637663,175998.42022795975,177608.58407240675,179233.47888774888,180873.23944381363,182528.00174340254,184197.90303357164,185883.08181701446,187583.67786354988,189299.83222171437,191031.68723046107,192779.38653096498,194543.0750785371,196322.89915464688,198119.00637905486,199931.54572205653,201760.66751683794,203606.52347194444,205469.2666838633,207349.051649722,209246.034280102,211160.37191197026,213092.22332172864,215041.74873838335,217009.10985683388,218994.46985128452,220997.99338877798,223019.84664285296,225060.19730732666,227119.21461020358,229197.06932771116,231293.93379846434,233409.98193775924,235545.38925199778,237700.33285324447,239874.99147391607,242069.5454816058,244284.17689404328,246519.06939419085,248774.40834547873,251050.38080717903,253347.17554992044,255664.98307134528
"EDGEFIELD",25428.55737019,25661.196638433965,25895.96426293272,26132.879715464962,26371.962645951633,26613.23288408569,26856.71044097683,27102.415510811166,27350.368472526192,27600.589891501004,27853.10052126201,28107.921305204254,28365.07337832844,28624.57806899393,28886.456900687688,29150.73159380948,29417.42406747337,29686.55644132571,29958.15103737973,30232.230381866986,30508.81720710567,30787.934453386046,31069.60527087314,31353.85302152683,31640.701281039495,31930.173840791398,32222.294709823964,32517.088116831103,32814.578512168766,33114.79056988284,33417.74918975567,33723.47949937123,34032.00685619924,34343.35684969832,34657.555303438436,34974.62827724263,35294.60206934854,35617.50321858955,35943.35850659592,36272.19496001611,36604.03985275835,36938.920708252794,37276.865301734295,37617.901662546115,37962.05807646473,38309.3630880458,38659.84550299173,39013.53439054083,39370.45908587829,39730.649192569326
"FAIRFIELD",20459.16388409,20646.33946175206,20835.227460169514,21025.843545835178,21218.203528570553,21412.32336283708,21608.219149059434,21805.907134960893,22005.403716910925,22206.725441285136,22409.889005837624,22614.911261085905,22821.809211708493,23030.600017955305,23241.30099707092,23453.929624730892,23668.503536491193,23885.04052925092,24103.55856272837,24324.075760950647,24546.610413756873,24771.18097831515,24997.806080653427,25226.504517204346,25457.29525636423,25690.19744006632,25925.230385368453,26162.413586055205,26401.76671425473,26643.30962207035,26887.062343227164,27133.04509473359,27381.27827855821,27631.782483321935,27884.578486005612,28139.68725367328,28397.129945211218,28656.927913082858,28919.102705099773,29183.676066208867,29450.669940295917,29720.106472005613,29992.008008578254,30266.397101703224,30543.29650938948,30822.729197853074,31104.718343422006,31389.287334458495,31676.459773298797,31966.259478210828
"FLORENCE",136294.0701061,137540.9891614706,138799.31595548635,140069.15485458574,141350.6111800288,142643.79121663238,143948.80222158562,145265.7524333457,146594.75108061545,147935.9083914026,149289.3356021624,150655.14496702357,152033.44976709865,153424.36431987965,154828.00398871966,156244.4851924011,157673.92541479168,159116.4432145884,160572.15823515103,162041.19121442543,163523.66399495752,165019.69953399897,166529.42191370556,168052.95635142838,169590.42921009965,171141.9680087131,172707.70143290074,174287.75934560594,175882.27279785453,177491.37403962397,179115.1965308126,180753.87495230857,182407.54521716057,184076.34448185048,185760.41115766927,187459.88492219668,189174.90673088658,190905.61882875755,192652.16476219098,194414.68939083678,196193.33889962817,197988.26081090645,199799.60399665637,201627.51869085393,203472.15650192677,205333.67042532857,207212.21485622876,209107.94560231807,211021.01989673128,212951.5964110884
"GEORGETOWN",63748.464738,64331.68288806739,64920.23674954314,65514.17513746538,66113.54731346834,66718.40298986818,67328.79233378607,67944.76597130923,68566.37499168972,69193.67095158195,69826.70587931878,70465.53227922674,71110.20313598082,71760.77191899909,72417.29258687736,73079.81959186468,73748.40788437959,74423.1129175677,75103.99065190107,75791.0975598196,76484.49063041485,77184.2273741568,77890.3658276638,78602.9645585161,79322.08267011361,80047.77980657782,80780.11615769884,81519.15246392753,82264.95002141339,83017.5706870884,83777.07688379766,84543.53160547659,85316.99842237575,86097.54148633349,86885.22553609662,87680.11590268994,88482.27851483483,89291.77990441743,90108.68721200686,90933.06819242382,91764.99122036027,92604.5252960505,93451.74005099405,94306.70575373087,95169.49331566968,96040.17429696914,96918.82091247325,97805.50603770094,98700.3032148902,99603.28665909801
"GREENVILLE",534083.0132007,541048.3346508199,548104.4953557078,555252.6800087432,562494.0887536571,569829.9373860288,577261.4575574143,584789.8969821319,592416.5196467481,600142.6060222947,607969.453279253,615898.3755053418,623930.7039261471,632067.7871286267,640310.9912875321,648661.700394782,657121.316491827,665691.2599050461,674372.9694842112,683167.9028440636,692077.5366090396,701103.3666611884,710246.9083913225,719509.696953445,728893.2875224934,738399.2555554458,748029.1970558321,757784.728841695,767667.4888170451,777679.136246857,787821.3520356511,798095.8390097092,808504.3222029703,819048.5491466544,829730.2901626655,840551.338660818,851513.5114399417,862618.6489929135,873868.6158156663,885265.3007202282,896810.6171518448,908506.5035102367,920354.9234750469,932357.8663355327,944517.3473245571,956835.4079569363,969314.1163721993,981955.5676818182,994761.8843209668,1007735.2164048663
"GREENWOOD",69238.8644828,69872.31287441835,70511.55652088152,71156.64844147122,71807.64214052875,72464.59161189283,73127.5513433777,73796.5763212925,74471.72203500182,75153.04448152806,75840.60017019584,76534.4461273189,77234.63990092986,77941.2395655535,78654.30372702316,79373.89152734188,80100.06264958746,80832.87732286268,81572.39632729076,82318.68099905647,83071.79323549342,83831.79550021785,84598.75082830938,85372.72283153924,86153.77570364624,86941.97422566099,87737.38377127898,88540.07031228261,89350.10042401306,90167.54129089192,90992.46071199373,91824.92710666903,92665.0095202193,93512.77762962358,94368.30174931744,95231.65283702497,96102.9024996441,96982.12299918561,97869.3872587667,98764.76886865923,99668.3420923933,100580.18187291682,101500.36383881124,102428.96431056426,103366.06030689995,104311.7295511666,105266.05047778331,106229.10223874528,107200.96471018877,108181.71849901605
"HAMPTON",18257.93200727,18424.969086093777,18593.534343776526,18763.641761229792,18935.305447272858,19108.539639802933,19283.358706976043,19459.777148398756,19637.809596330753,19817.470816898476,19998.77571131982,20181.739317140058,20366.376809479043,20552.70350228988,20740.73484962904,20930.486446938146,21121.974032337475,21315.213487931273,21510.220841125025,21707.012265954807,21905.60408442873,22106.012767880737,22308.25493833671,22512.347369893152,22718.306990108398,22926.15088140663,23135.89628249469,23347.56058979187,23561.16135887279,23776.716305923455,23994.243309210673,24213.76041056485,24435.28581687642,24658.837901605948,24884.435206307997,25112.096442169,25341.840491559185,25573.68640959868,25807.653425737954,26043.760945352733,26282.028551353473,26522.476005809607,26765.1232515886,27009.990414010033,27257.097802514825,27506.465912349675,27758.11542626698,28012.067216240273,28268.342345195346,28526.96206875724
"HORRY",363274.6998726,372688.5670573891,382346.3843311988,392254.4733942151,402419.3197665817,412847.577033615,423546.07120103,434521.8051630263,445781.9632861604,457333.91611200315,469185.2251816625,481343.6479853274,493817.14304007485,506613.87509926193,519742.2204969138,533210.7726306055,547028.3475864273,561203.9899097141,575746.978525317,590666.8328112933,605973.3188299882,621676.4557205891,637786.5222573353,654314.063577677,671269.8980847871,688665.1245289443,706511.1292724217,724819.593742638,743602.5020784482,762872.1489745802,782641.1477293515,802922.4385009327,823729.2967775635,845075.3420672663,866974.5468127426,889441.2455372894,912490.1442277237,936136.3299604526,960395.2807769951,985282.8758154153,1010815.4057043017,1037009.583226095,1063882.5542567435,1091451.90898885,1119735.6934456509,1148752.42129337,1178521.085959677,1209061.1730661795,1240392.6731830938,1272536.0949144345
"JASPER",29421.75285228,29731.469583661863,30044.446639273203,30360.718339875544,30680.31936751802,31003.28476934054,31329.649961417028,31659.45073263913,31992.72324864078,32329.504055764093,32669.830085067002,33013.73865637307,33361.26748236396,33712.45467271496,34067.33873827408,34425.95859528505,34788.35356965493,35154.56340126649,35524.62824833603,35898.588691817145,36276.485739850774,36658.360832262086,37044.25584510478,37434.21309525313,37828.27534504242,38226.48580695825,38628.888148375125,39035.526496345046,39446.445442436365,39861.6900476237,40281.30584722927,40705.33885591625,41133.835572734686,41566.84298622056,42004.408579548486,42446.58033573867,42893.40674291868,43344.93679964064,43801.220020254324,44262.30644033686,44728.246622179606,45199.09166033273,45674.89318720819,46155.70337874175,46641.57496011448,47132.56121153456,47628.71597407994,48130.09365560254,48636.749236694515,49148.73827671736
"KERSHAW",65871.7189384,66474.36218979287,67082.51886780195,67696.23941333563,68315.57472877312,68940.57618218624,69571.2956116,70207.785329292,70850.09812613134,71498.287275957,72152.40653999652,72812.51017132496,73478.65291936466,74150.89003442621,74829.27727229093,75513.87089883532,76204.7276946978,76901.90495998805,77605.46051903961,78315.45272520583,79031.94046569974,79754.98316647815,80484.64079717058,81220.97387605307,81964.04347506771,82713.91122488784,83470.63932002989,84234.29052401175,85004.92817455849,85782.61618885548,86567.41906884991,87359.40190660047,88158.63038967624,88965.17080660479,89779.09005237023,90600.45563396148,91429.3356759714,92265.79892624705,93109.91476159169,93961.75319351895,94821.38487405959,95688.88110162147,96564.31382690309,97447.75565886115,98339.2798707329,99238.9604061134,100146.8718850884,101063.08961042354,101987.68957380981,102920.7484621665
"LANCASTER",98751.7307706,100759.46755261708,102808.02394310488,104898.22985186569,107030.93206172684,109206.99457158895,111427.29894644853,113692.74467453697,116004.24953172072,118362.74995330989,120769.20141342648,123224.57881208521,125729.87687014458,128286.11053228736,130894.31537819434,133555.54804207777,136270.8866407442,139041.43121036058,141868.3041520999,144752.650686848,147695.63931915438,150698.46231061607,153762.33616288597,156888.50211050102,160078.22662373044,163332.80192164727,166653.54649563125,170041.80564351534,173498.95201459163,177026.38616569838,180625.5371286124,184297.8629889777,188044.851477004,191868.02057017517,195768.9191082111,199749.12742053263,203810.25796648368,207953.95598856956,212181.90017897676,216495.80335964318,220897.41317615588,225388.51280575577,229970.92167973737,234646.49622053557,239417.1305937982,244284.75747574912,249251.34883615287,254318.9167371977,259489.51414862074,264765.23577940586
"LAURENS",67736.7171826,68356.42281863745,68981.79798061757,69612.89453756095,70249.76483302441,70892.4616894424,71541.03841250806,72195.54879559454,72856.04712421654,73522.58818053281,74195.22724788992,74874.02011540742,75559.02308260492,76250.29296407186,76947.8870941795,77651.86333183642,78362.2800652873,79079.19621695577,79802.67124833133,80532.76516490128,81269.53852112751,82013.05242546894,82763.36854544994,83520.54911277503,84284.65692849045,85055.75536819291,85833.90838728596,86619.18052628456,87411.6369161681,88211.34328378232,89018.3659572909,89832.77187167655,90654.62857429286,91484.00423046657,92320.9676291513,93165.58818863293,94017.93596228724,94878.08164439013,95746.0965759811,96622.05275078026,97506.02282115958,98398.08010416874,99298.29858761604,100206.75293620501,101123.51849772727,102048.67130931167,102982.28810373109,103924.44631576665,104875.22408863007,105834.70028044515
"LEE",16196.69451773,16344.873870011817,16494.40887670933,16645.311940352763,16797.595576939864,16951.272416973992,17106.35520651171,17262.856808219938,17420.790202442793,17580.168488278192,17741.004884664293,17903.312731475904,18067.105490630856,18232.396747206592,18399.200210566894,18567.529715498953,18737.399223360833,18908.822823239447,19081.81473311909,19256.389301060717,19432.56100639196,19610.34446090806,19789.754410083784,19970.805734296413,20153.51345005994,20337.892711270535,20523.958810463442,20711.72718008133,20901.213393754286,21092.433167591484,21285.402361484714,21480.136980423784,21676.653175824005,21874.967246865788,22075.095641846525,22277.05495954479,22480.861950597086,22686.533518887136,22894.086722947908,23103.53877737646,23314.90705426172,23528.20908462535,23743.462559875778,23960.68533327553,24179.895421422014,24401.11100574178,24624.35043399854,24849.63222181495,25076.97505420826,25306.397787140104
"LEXINGTON",297223.3109765,299942.52986744983,302686.6261859224,305455.8275290422,308250.3635761605,311070.46610790543,313916.36902540596,316788.3083696916,319686.52234127006,322611.2513198836,325562.73788444634,328541.2268331639,331546.9652038369,334580.2022943512,337641.1896833536,340730.18125111907,343847.43320060713,346993.2040787118,350167.75479770516,353371.3486568783,356604.25136437884,359866.73105924943,363159.0583336671,366481.5062553866,369834.35039038846,373217.86882573494,376632.3421926345,380078.0536897178,383555.2891065261,387064.3368472151,390605.4879544751,394179.0361336704,397785.2777771996,401424.5119890781,405097.04060974653,408803.1682411051,412543.20227177785,416317.45290260756,420126.23317238386,423969.85898380715,427848.6491296892,431762.92531939497,435713.0122055244,439699.2374108401,443721.9315554401,447781.4282841799,451878.064294345,456012.17936357716,460184.11637805536,464394.22136093536
"MCCORMICK",9469.73989683,9556.376088100602,9643.804891387968,9732.033558093623,9821.069405960274,9910.919819678758,10001.592251500535,10093.094221855774,10185.433319977108,10278.617204529088,10372.653604243398,10467.550318559888,10563.315218273443,10659.956246186825,10757.481417769417,10855.898821822066,10955.216621147949,11055.443053229612,11156.586430912188,11258.655143092874,11361.657655416708,11465.602510978715,11570.498331032479,11676.353815705195,11783.177744719264,11890.97897812048,11999.766457012904,12109.54920430043,12220.336325435166,12332.137009172622,12444.960528333862,12558.816240574568,12673.713589161192,12789.662103754179,12906.671401198362,13024.751186320584,13143.911252734633,13264.161483653532,13385.511852709247,13507.972424779915,13631.553356824626,13756.264898725856,13882.117394139592,14009.121281353242,14137.287094151401,14266.625462689517,14397.147114375573,14528.862874759823,14661.783668432665,14795.920519930743
"MARION",28521.12736543,28782.05975350031,29045.379344231715,29311.107977521464,29579.267693074355,29849.88073223072,30122.969539811154,30398.556765978075,30676.665268114346,30957.31811271911,31240.538577320905,31526.350152408348,31814.77654337842,32105.84167250264,32399.569680911158,32695.98493059507,32995.112006427,33296.975718200185,33601.60110268622,33909.01342571161,34219.238184253365,34532.301108553715,34848.228164254164,35167.04555454917,35488.779722359395,35813.45735252491,36141.10537401846,36471.750962178965,36805.421540965486,37142.144785231736,37481.948623021504,37824.86123788498,38170.91107121634,38520.12682461269,38872.537462254615,39228.172213308426,39587.060574350515,39949.2323118138,40314.71746445654,40683.546345853814,41055.749546911706,41431.35793840457,41810.402673535464,42192.91519051998,42578.92721519385,42968.470763644145,43361.57814486487,43758.28196343662,44158.61512223079,44562.61082513865
"MARLBORO",26327.51698513,26568.38060145459,26811.44781645891,27056.73879029506,27304.27386755514,27554.073578958643,27806.15864305528,28060.549967943396,28317.268653004092,28576.33599065123,28837.773468097443,29101.602769136294,29367.84577594073,29636.524570878028,29907.6614383413,30181.27886659779,30457.39954965406,30736.046389138246,31017.242496199524,31301.011193424976,31587.376016773986,31876.36071753031,32167.989264272026,32462.28584485953,32759.27486844165,33058.98096748019,33361.42899979294,33666.64405061541,33974.65143468145,34285.47669832278,34599.14562158793,34915.684220380346,35235.11874861627,35557.475700402174,35882.781812232235,36211.06406520589,36542.34968726561,36876.66615545529,37214.041198199135,37554.50279760152,37898.079191767785,38244.79887714642,38594.69061089248,38947.78341325279,39304.10656997287,39663.68963472591,40026.56243156399,40392.7550573917,40762.297884462394,41135.22156289729
"NEWBERRY",37672.70291279,38017.360689116635,38365.1716499402,38716.16464292687,39070.36877966262,39427.81343806774,39788.52826483351,40152.5431778811,40519.88836884295,40890.59430556689,41264.69173464322,41642.21168395478,42023.18546525046,42407.64467674224,42795.62120572587,43187.14723122574,43582.25522666377,43980.977962552795,44383.34850921452,44789.40023952247,45199.16683166992,45612.68227196319,46029.98085764047,46451.09719971652,46876.06622585324,47304.92318325667,47737.70364160037,48174.44349597561,48615.17896986854,49059.94661816455,49508.783330180224,49961.72633272289,50418.81319317828,50880.08182262639,51345.57047898585,51815.317770187015,52289.362657374215,52767.74445813714,53250.50284977192,53737.67787257196,54229.309933148885,54725.43980778396,55226.108645810025,55731.35797302449,56241.22969513352,56755.76610122768,57275.00986728945,57799.00405973281,58327.79213897514,58861.41796304194
"OCONEE",79138.7137714,79862.73331342601,80593.37672223296,81330.70459785797,82074.77809475215,82825.65892685286,83583.40937270223,84348.09228061256,85119.77107387906,85898.50975604022,86684.37291618626,87477.42573431623,88277.73398674405,89085.36405155406,89900.38291410648,90722.85817259314,91552.85804364424,92390.4513679862,93235.70761615131,94088.6968942398,94949.48994973436,95818.15817736802,96694.77362504572,97579.40899981998,98472.13767392123,99373.03369084337,100282.17177148502,101199.62732034692,102125.476431786,103059.79589632664,104002.66320702988,104954.1565659206,105914.35489047368,106883.33782015953,107861.1857230494,108847.9797024811,109843.80160378583,110848.73402107653,111862.86030409817,112886.26456514093,113919.03168601646,114961.24732509807,116012.99792442532,117074.37071687348,118145.45373338883,119226.33581028982,120317.10659663536,121417.85656166037,122528.67700227919,123649.66005065803
"ORANGEBURG",82935.3089105,83694.06251557649,84459.75776035723,85232.45815210129,86012.2277790792,86799.1313158884,87593.23402881746,88394.60178125928,89203.30103917378,90019.39887660075,90842.96298122293,91674.06165998009,92512.76384473445,93359.13909798797,94213.25761865181,95075.19024786883,95945.00847488902,96822.78444299905,97708.59095550567,98602.50148177428,99504.59016332237,100414.93181996894,101333.60195604009,102260.67676663137,103196.23314392751,104140.34868357985,105093.10169114216,106054.57118856546,107024.83692075204,108003.97936216956,108992.07972352578,109989.21995850402,110995.48277056067,112010.9516197845,113035.71072981901,114069.84509484789,115113.44048664457,116166.58346168618,117229.36136833258,118301.86235407108,119384.17537282745,120476.39019234382,121578.59740162415,122690.88841844756,123813.35549695084,124946.09173527978,126089.19108331102,127242.74835044419,128406.85921346548,129581.62022448321
"PICKENS",133779.1345844,136067.9488173016,138395.9221508283,140763.72455423314,143172.0374592079,145621.55395599327,148112.97899284345,150647.02957890404,153224.43499056043,155845.93698131703,158512.28999526694,161224.261384214,163982.6316285097,166788.19456166803,169641.7575988236,172544.14196909827,175496.1829519431,178498.73011752442,181552.64757122195,184658.8142023106,187818.1239368966,191031.48599518105,194299.8251531255,197624.08200859348,201005.2132520462,204444.19194186913,207942.0077844092,211499.66741880326,215118.19470667947,218798.63102681516,222542.03557483616,226349.48566804355,230222.07705545553,234160.9242331539,238167.16076502582,242241.93960899304,246386.43344882244,250601.83503161374,254889.35751106095,259250.23479658717,263685.7219084518,268197.0953389342,272785.65341969643,277452.7166954307,282199.62830390036,287027.75436248246,291938.4843613237,296933.2315632229,302013.4334103548,307180.55193795287
"RICHLAND",418090.7709237,421915.7748195667,425775.7726828225,429671.084664188,433602.0338433597,437568.94625580614,441572.15091981,445611.9798637566,449688.7681536727,453802.85392101714,457954.57839072583,462144.2859095129,466372.3239744311,470639.0432616936,474944.79765575903,479289.9442786832,483674.84351973876,488099.85906530643,492565.35792903876,497071.71048230137,501619.29048489104,506208.47511603596,510839.6450056791,515513.18426604813,520229.4805235136,524988.9249507389,529791.9122991248,534638.8409315499,539530.1128554117,544466.1337559685,549447.3130299882,554474.0638197031,559546.8030470762,564665.9514483821,569831.9336091018,575045.1779991384,580306.1170083551,585615.1869824381,590972.8282590864,596379.4852045344,601835.606250408,607341.6439309173,612898.0549203906,618505.300071151,624163.8444517398,629874.1573854896,635636.7124894502,641451.9877136712,647320.4653808426,653242.6322262997
"SALUDA",18565.67605692,18735.52860614089,18906.93509222831,19079.909731747124,19254.46687132588,19430.62098884668,19608.386694646033,19787.77873272661,19968.81198198013,20151.501457421436,20335.862311433844,20521.90983502589,20709.659459099563,20899.12675573019,21090.327439457957,21283.27736859129,21477.992546522182,21674.489123053496,21872.783395738432,22072.89181123229,22274.830966656544,22478.61761097542,22684.268646385066,22891.801129715448,23101.232273845024,23312.579449128414,23525.860184837096,23741.09217061331,23958.293257937235,24177.4814616076,24398.67496123587,24621.892102754027,24847.151399936243,25074.471535934386,25303.871364827646,25535.36991318627,25768.986381649665,26004.740146518903,26242.650761363802,26482.737958644713,26725.021651349132,26969.521934643322,27216.259087538998,27465.253574575283,27716.52604751607,27970.097347062852,28225.988504583303,28484.22074385563,28744.815482828846,29007.79433539925
"SPARTANBURG",336353.8071001,343672.0173829906,351149.4534591207,358789.5796800533,366595.9357729016,374572.13848031074,382721.88323612127,391048.9458774914,399557.1843942701,408250.5407164324,417133.0425404046,426208.8051951267,435482.03354871355,444957.0239566023,454638.16625208565,464529.94578015385,474636.94547558844,484963.84798626986,495515.437842683,506296.6036746255,517312.3404761465,528567.751919764,540068.0527210344,551818.5710545687,563824.7510226158,576092.1551773546,588626.4670980665,601433.4940243787,614519.1695468033,627889.5563558115,641550.8490507244,655509.3770097167,669771.6073222641,684344.147785394,699233.749965127,714447.3123245271,729991.8834198111,745874.665165997,762103.0161736042,778684.4551579527,795626.6644226398,812937.4934188073,830624.9623818519,848697.2660472583,867162.7774472819,886030.0517902363,905307.8304241844,925005.0448868709,945130.8210437682,965694.4833161592
"SUMTER",104944.8764009,105904.98982363314,106873.88707475434,107851.64851522859,108838.3552412225,109834.0890908304,110838.93265086215,111852.96926369288,112876.2830341754,113908.95883661608,114951.08232181417,116002.73992416597,117064.0188688335,118135.00717897923,119215.79368306663,120306.46802222774,121407.12065769803,122517.84287831937,123638.72680811143,124769.86541391272,125911.35251309117,127063.28278132546,128225.75176045742,129398.85586641647,130582.6923972163,131777.3595410248,132982.95638430797,134199.58292004815,135427.34005603753,136666.32962324738,137916.6543842743,139178.41804186293,140451.7252475076,141736.6816101319,143033.3937048481,144341.96908179636,145662.51627506528,146995.1448116936,148339.96522075456,149697.08904252306,151066.62883772713,152448.69819688358,153843.41174971947,155250.8851746793,156671.23520851988,158104.579655992,159551.03739961173,161010.72840952035,162483.77375343474,163970.29560668903
"UNION",27030.5594076,27277.854976485913,27527.412988315325,27779.25414159123,28033.39932418185,28289.869615053085,28548.68628601683,28809.870803495258,29073.444830301258,29339.430227435176,29607.849055897972,29878.72357852098,30152.07626181238,30427.92977782063,30706.307006014846,30987.231035182467,31270.725165344273,31556.812909686872,31845.5179965129,32136.86437120909,32430.876198232283,32727.577863113678,33026.99397448135,33329.149366101345,33634.06909893737,33941.77846322937,34252.30298059114,34565.668406127115,34881.90073056845,35201.02618242877,35523.07123017959,35848.06258444553,36176.02720021983,36506.99227909997,36840.98527154375,37178.03387914609,37518.16605693661,37861.41001569824,38207.79422430704,38557.34741209343,38910.09857122499,39266.07695911113,39625.312100829695,39987.83379157581,40353.672099133095,40722.85736636751,41095.42021374403,41471.3915418663,41850.802534039576,42233.68465885706
"WILLIAMSBURG",30586.65704268,30866.48642540306,31148.875894484238,31433.848871488823,31721.428992259946,32011.64010887891,32304.50629164353,32600.051831064535,32898.301239880195,33199.27925508948,33503.01084000374,33809.521186317186,34118.83571619627,34430.98008438828,34745.980180349085,35063.86213039049,35384.65229984714,35708.37729526328,36035.063966599504,36364.73940945973,36697.43096733855,37033.16623388904,37371.97305521146,37713.87953216284,38058.91402268762,38407.105144169705,38758.481775806045,39113.073061001836,39470.90840978774,39832.01750125914,40196.430286037765,40564.17698875579,40935.28811056271,41309.79443165512,41687.72701382965,42069.11720305921,42453.99663209291,42842.39722307964,43234.35119021578,43629.89104241697,44029.049586014524,44431.85992747635,44838.35547615282,45248.56994704779,45662.53736361495,46080.29206057968,46501.86868678691,46927.302208074805,47356.627910174924,47789.88140163883
"YORK",291078.1106771,298366.11011749407,305836.5861299657,313494.1075539654,321343.357623321,329389.1368304394,337636.36586222035,346090.08860948065,354755.47525172756,363637.8254191692,372742.5714338942,382075.28163220524,391641.66377013555,401447.56851423386,411498.9930197505,421802.08459841454,432363.1444780441,443188.6316562901,454285.16685086925,465659.53654870356,477318.6971564411,489269.7792548981,501520.0919600229,514077.1273930504,526948.5652625787,540142.2775613724,553666.333380765,567529.0038456023,581738.7671727474,596304.3138562414,611234.551982288,626538.6126773161,642225.8556924494,658305.875127801,674788.505300091,691683.8267571789,709002.1724431863,726754.1340179824,744950.5683348959,763602.604080616,782721.648581343,802319.3947793497,822407.8283842241,842999.2352031617,864106.2086547957,885741.6574711556,907918.8135924708,930651.2402596393,953952.8403093196,977837.8646767103
"SOUTH CAROLINA",5177873.55461345,5225244.575205329,5273048.98096358,5321290.736816552,5369973.84396669,5419102.340222405,5468680.300332971,5518711.83632648,5569201.097850903,5620152.272518263,5671569.586251957,5723457.3036372615,5775819.72827503,5828661.2031386485,5881986.110934236,5935798.8744641505,5990103.956993824,6044905.862621943,6100209.13665402,6156018.365979394,6212338.179451658,6269173.248272588,6326528.286379567,6384408.050836575,6442817.342228729,6501761.005060453,6561243.928157286,6621271.045071362,6681847.334490602,6742977.820651649,6804667.573756584,6866921.71039345,6929745.393960623,6993143.835095074,7057122.292104537,7121686.071403634,7186840.527954002,7252591.06570843,7318943.138059065,7385902.248289729,7453473.950032349,7521663.847727597,7590477.5970897125,7659920.905575599,7729999.5328582,7800719.291304209,7872086.046456157,7944105.717518898,8016784.277850552,8090127.755457948
